,part,sex,group,age_months,condition,f0
1,CH01,F,1,115,IMRE_medianf0st,104.29
2,CH02,F,1,114,IMRE_medianf0st,104.4
3,CH05,M,1,135,IMRE_medianf0st,102.84
4,CH06,M,1,136,IMRE_medianf0st,99.83
5,CH07,F,1,97,IMRE_medianf0st,104.51
6,CH08,F,1,100,IMRE_medianf0st,106.14
7,CH09,M,1,145,IMRE_medianf0st,96.88
8,CH10,M,1,144,IMRE_medianf0st,96.44
9,CH13,M,1,98,IMRE_medianf0st,101.5
10,CH15,M,1,98,IMRE_medianf0st,103.53
11,CH16,M,1,124,IMRE_medianf0st,103.13
12,CH17,M,1,140,IMRE_medianf0st,101.18
13,CH18,F,1,104,IMRE_medianf0st,101.55
14,CH19,F,1,99,IMRE_medianf0st,99.44
15,CH20,F,1,155,IMRE_medianf0st,94.11
16,CH21,F,1,153,IMRE_medianf0st,94.65
17,CH22,M,1,126,IMRE_medianf0st,100.94
18,CH23,M,1,132,IMRE_medianf0st,97.66
19,CH32,F,1,127,IMRE_medianf0st,98.97
20,CH33,F,1,135,IMRE_medianf0st,102.44
21,CH03,F,2,176,IMRE_medianf0st,94.68
22,CH04,F,2,185,IMRE_medianf0st,91.33
23,CH11,M,2,170,IMRE_medianf0st,88.6
24,CH12,M,2,167,IMRE_medianf0st,90.38
25,CH24,F,2,192,IMRE_medianf0st,92.77
26,CH25,F,2,193,IMRE_medianf0st,92.11
27,CH26,F,2,215,IMRE_medianf0st,91.61
28,CH27,F,2,215,IMRE_medianf0st,94.59
29,CH28,F,2,195,IMRE_medianf0st,96.17
30,CH29,F,2,207,IMRE_medianf0st,96.16
31,CH30,M,2,206,IMRE_medianf0st,86.77
32,CH31,M,2,212,IMRE_medianf0st,83.81
33,CH34,F,2,184,IMRE_medianf0st,92.16
34,CH35,F,2,171,IMRE_medianf0st,89.21
35,YA01,F,3,277,IMRE_medianf0st,90.24
36,YA02,F,3,318,IMRE_medianf0st,91.3
37,YA03,F,3,265,IMRE_medianf0st,92.2
38,YA04,F,3,264,IMRE_medianf0st,93.55
39,YA05,F,3,257,IMRE_medianf0st,94.9
40,YA06,F,3,295,IMRE_medianf0st,89.65
41,YA07,F,3,258,IMRE_medianf0st,94.78
42,YA08,F,3,267,IMRE_medianf0st,95.65
43,YA09,F,3,271,IMRE_medianf0st,94.05
44,YA10,F,3,241,IMRE_medianf0st,92.23
45,YA11,M,3,269,IMRE_medianf0st,86.33
46,YA12,M,3,266,IMRE_medianf0st,86.22
47,YA13,M,3,242,IMRE_medianf0st,88.3
48,YA14,M,3,266,IMRE_medianf0st,87.59
49,YA15,M,3,233,IMRE_medianf0st,87.48
50,YA16,M,3,244,IMRE_medianf0st,85.32
51,YA17,M,3,230,IMRE_medianf0st,82.11
52,YA18,M,3,244,IMRE_medianf0st,78.8
53,YA19,M,3,277,IMRE_medianf0st,82.42
54,YA20,M,3,241,IMRE_medianf0st,83.15
55,MA01,F,4,436,IMRE_medianf0st,89.72
56,MA02,F,4,476,IMRE_medianf0st,92.09
57,MA03,F,4,441,IMRE_medianf0st,92.03
58,MA04,F,4,431,IMRE_medianf0st,89.31
59,MA05,M,4,467,IMRE_medianf0st,85.89
60,MA06,M,4,506,IMRE_medianf0st,85.39
61,MA11,F,4,596,IMRE_medianf0st,91.77
62,MA12,F,4,599,IMRE_medianf0st,92.87
63,MA13,F,4,557,IMRE_medianf0st,92.38
64,MA14,F,4,554,IMRE_medianf0st,91.39
65,MA15,M,4,597,IMRE_medianf0st,85.71
66,MA16,M,4,515,IMRE_medianf0st,85.25
67,MA17,M,4,573,IMRE_medianf0st,87.42
68,MA18,M,4,558,IMRE_medianf0st,84.22
69,MA19,M,4,432,IMRE_medianf0st,85.82
70,MA20,M,4,438,IMRE_medianf0st,81.18
71,MA21,M,4,588,IMRE_medianf0st,89.19
72,MA22,M,4,547,IMRE_medianf0st,89.82
73,MA23,F,4,488,IMRE_medianf0st,93.2
74,MA24,F,4,528,IMRE_medianf0st,94.1
75,OA01,F,5,774,IMRE_medianf0st,95.27
76,OA02,F,5,745,IMRE_medianf0st,99.4
77,OA05,F,5,705,IMRE_medianf0st,91.96
78,OA06,F,5,717,IMRE_medianf0st,91
79,OA07,F,5,708,IMRE_medianf0st,95.13
80,OA08,F,5,708,IMRE_medianf0st,95.94
81,OA26,F,5,779,IMRE_medianf0st,93.32
82,OA27,F,5,780,IMRE_medianf0st,93.08
83,OA32,F,5,771,IMRE_medianf0st,92.21
84,OA33,F,5,732,IMRE_medianf0st,94.77
85,OA39,M,5,715,IMRE_medianf0st,87.17
86,OA40,M,5,733,IMRE_medianf0st,88.83
87,OA41,M,5,641,IMRE_medianf0st,86.84
88,OA42,M,5,685,IMRE_medianf0st,86.88
89,OA43,M,5,613,IMRE_medianf0st,84.49
90,OA44,M,5,656,IMRE_medianf0st,81.98
91,OA45,M,5,770,IMRE_medianf0st,90.07
92,OA46,M,5,705,IMRE_medianf0st,84.22
93,OA47,M,5,649,IMRE_medianf0st,88.23
94,OA48,M,5,643,IMRE_medianf0st,88.85
95,OA09,F,6,920,IMRE_medianf0st,92.24
96,OA11,F,6,884,IMRE_medianf0st,91.2
97,OA13,F,6,858,IMRE_medianf0st,92.11
98,OA14,F,6,820,IMRE_medianf0st,93.64
99,OA15,F,6,893,IMRE_medianf0st,92.7
100,OA16,F,6,801,IMRE_medianf0st,92.35
101,OA17,M,6,819,IMRE_medianf0st,84.93
102,OA18,M,6,834,IMRE_medianf0st,88.14
103,OA20,M,6,903,IMRE_medianf0st,90.52
104,OA21,M,6,797,IMRE_medianf0st,85
105,OA23,M,6,913,IMRE_medianf0st,90.95
106,OA24,F,6,892,IMRE_medianf0st,91.75
107,OA25,F,6,895,IMRE_medianf0st,92.35
108,OA29,M,6,781,IMRE_medianf0st,87.95
109,OA30,F,6,799,IMRE_medianf0st,92.65
110,OA31,F,6,893,IMRE_medianf0st,93.57
111,OA34,M,6,787,IMRE_medianf0st,84.91
112,OA35,M,6,830,IMRE_medianf0st,91.24
113,OA36,M,6,800,IMRE_medianf0st,89.38
114,OA37,M,6,949,IMRE_medianf0st,90.18
457,CH01,F,1,115,IMUR_medianf0st,103.09
458,CH02,F,1,114,IMUR_medianf0st,103.34
459,CH05,M,1,135,IMUR_medianf0st,102.25
460,CH06,M,1,136,IMUR_medianf0st,98.9
461,CH07,F,1,97,IMUR_medianf0st,105.21
462,CH08,F,1,100,IMUR_medianf0st,106.14
463,CH09,M,1,145,IMUR_medianf0st,97.15
464,CH10,M,1,144,IMUR_medianf0st,96.11
465,CH13,M,1,98,IMUR_medianf0st,101.13
466,CH15,M,1,98,IMUR_medianf0st,103.18
467,CH16,M,1,124,IMUR_medianf0st,102.82
468,CH17,M,1,140,IMUR_medianf0st,100.84
469,CH18,F,1,104,IMUR_medianf0st,101.54
470,CH19,F,1,99,IMUR_medianf0st,100.44
471,CH20,F,1,155,IMUR_medianf0st,94.56
472,CH21,F,1,153,IMUR_medianf0st,94.28
473,CH22,M,1,126,IMUR_medianf0st,100.02
474,CH23,M,1,132,IMUR_medianf0st,97.6
475,CH32,F,1,127,IMUR_medianf0st,98.33
476,CH33,F,1,135,IMUR_medianf0st,103.99
477,CH03,F,2,176,IMUR_medianf0st,94.88
478,CH04,F,2,185,IMUR_medianf0st,91.09
479,CH11,M,2,170,IMUR_medianf0st,88.34
480,CH12,M,2,167,IMUR_medianf0st,90.58
481,CH24,F,2,192,IMUR_medianf0st,92.52
482,CH25,F,2,193,IMUR_medianf0st,92.13
483,CH26,F,2,215,IMUR_medianf0st,91.11
484,CH27,F,2,215,IMUR_medianf0st,94.91
485,CH28,F,2,195,IMUR_medianf0st,96.01
486,CH29,F,2,207,IMUR_medianf0st,95.77
487,CH30,M,2,206,IMUR_medianf0st,86.85
488,CH31,M,2,212,IMUR_medianf0st,83.52
489,CH34,F,2,184,IMUR_medianf0st,92.3
490,CH35,F,2,171,IMUR_medianf0st,89.05
491,YA01,F,3,277,IMUR_medianf0st,90.2
492,YA02,F,3,318,IMUR_medianf0st,91.27
493,YA03,F,3,265,IMUR_medianf0st,91.95
494,YA04,F,3,264,IMUR_medianf0st,92.49
495,YA05,F,3,257,IMUR_medianf0st,94.79
496,YA06,F,3,295,IMUR_medianf0st,89.17
497,YA07,F,3,258,IMUR_medianf0st,94.92
498,YA08,F,3,267,IMUR_medianf0st,96.14
499,YA09,F,3,271,IMUR_medianf0st,95.02
500,YA10,F,3,241,IMUR_medianf0st,92.18
501,YA11,M,3,269,IMUR_medianf0st,86.59
502,YA12,M,3,266,IMUR_medianf0st,86.16
503,YA13,M,3,242,IMUR_medianf0st,88.28
504,YA14,M,3,266,IMUR_medianf0st,87.15
505,YA15,M,3,233,IMUR_medianf0st,83.68
506,YA16,M,3,244,IMUR_medianf0st,84.95
507,YA17,M,3,230,IMUR_medianf0st,82.2
508,YA18,M,3,244,IMUR_medianf0st,79.3
509,YA19,M,3,277,IMUR_medianf0st,82.03
510,YA20,M,3,241,IMUR_medianf0st,82.83
511,MA01,F,4,436,IMUR_medianf0st,89.9
512,MA02,F,4,476,IMUR_medianf0st,92.83
513,MA03,F,4,441,IMUR_medianf0st,92.39
514,MA04,F,4,431,IMUR_medianf0st,89.48
515,MA05,M,4,467,IMUR_medianf0st,86.31
516,MA06,M,4,506,IMUR_medianf0st,86.16
517,MA11,F,4,596,IMUR_medianf0st,92.23
518,MA12,F,4,599,IMUR_medianf0st,92.85
519,MA13,F,4,557,IMUR_medianf0st,91.76
520,MA14,F,4,554,IMUR_medianf0st,90.84
521,MA15,M,4,597,IMUR_medianf0st,85.21
522,MA16,M,4,515,IMUR_medianf0st,85.3
523,MA17,M,4,573,IMUR_medianf0st,86.97
524,MA18,M,4,558,IMUR_medianf0st,84.2
525,MA19,M,4,432,IMUR_medianf0st,86.17
526,MA20,M,4,438,IMUR_medianf0st,80.21
527,MA21,M,4,588,IMUR_medianf0st,89.21
528,MA22,M,4,547,IMUR_medianf0st,89.45
529,MA23,F,4,488,IMUR_medianf0st,93.6
530,MA24,F,4,528,IMUR_medianf0st,94.9
531,OA01,F,5,774,IMUR_medianf0st,94.97
532,OA02,F,5,745,IMUR_medianf0st,98.74
533,OA05,F,5,705,IMUR_medianf0st,91.65
534,OA06,F,5,717,IMUR_medianf0st,90.31
535,OA07,F,5,708,IMUR_medianf0st,95.75
536,OA08,F,5,708,IMUR_medianf0st,96.91
537,OA26,F,5,779,IMUR_medianf0st,91.88
538,OA27,F,5,780,IMUR_medianf0st,93.45
539,OA32,F,5,771,IMUR_medianf0st,91.4
540,OA33,F,5,732,IMUR_medianf0st,95.13
541,OA39,M,5,715,IMUR_medianf0st,87
542,OA40,M,5,733,IMUR_medianf0st,88.38
543,OA41,M,5,641,IMUR_medianf0st,86.23
544,OA42,M,5,685,IMUR_medianf0st,87.17
545,OA43,M,5,613,IMUR_medianf0st,84.86
546,OA44,M,5,656,IMUR_medianf0st,81.87
547,OA45,M,5,770,IMUR_medianf0st,90.18
548,OA46,M,5,705,IMUR_medianf0st,84.27
549,OA47,M,5,649,IMUR_medianf0st,87.62
550,OA48,M,5,643,IMUR_medianf0st,89.25
551,OA09,F,6,920,IMUR_medianf0st,91.9
552,OA11,F,6,884,IMUR_medianf0st,91.34
553,OA13,F,6,858,IMUR_medianf0st,92.4
554,OA14,F,6,820,IMUR_medianf0st,94.08
555,OA15,F,6,893,IMUR_medianf0st,92.84
556,OA16,F,6,801,IMUR_medianf0st,92.44
557,OA17,M,6,819,IMUR_medianf0st,84.97
558,OA18,M,6,834,IMUR_medianf0st,87.68
559,OA20,M,6,903,IMUR_medianf0st,91.14
560,OA21,M,6,797,IMUR_medianf0st,85.13
561,OA23,M,6,913,IMUR_medianf0st,90.74
562,OA24,F,6,892,IMUR_medianf0st,91.18
563,OA25,F,6,895,IMUR_medianf0st,93.04
564,OA29,M,6,781,IMUR_medianf0st,87.96
565,OA30,F,6,799,IMUR_medianf0st,93.08
566,OA31,F,6,893,IMUR_medianf0st,93.49
567,OA34,M,6,787,IMUR_medianf0st,85.4
568,OA35,M,6,830,IMUR_medianf0st,91.12
569,OA36,M,6,800,IMUR_medianf0st,88.66
570,OA37,M,6,949,IMUR_medianf0st,89.99
1369,CH01,F,1,115,SPSN_medianf0st,102.96
1370,CH02,F,1,114,SPSN_medianf0st,107.18
1371,CH05,M,1,135,SPSN_medianf0st,103.46
1372,CH06,M,1,136,SPSN_medianf0st,98.57
1373,CH07,F,1,97,SPSN_medianf0st,106.77
1374,CH08,F,1,100,SPSN_medianf0st,107.47
1375,CH09,M,1,145,SPSN_medianf0st,97.48
1376,CH10,M,1,144,SPSN_medianf0st,97.49
1377,CH13,M,1,98,SPSN_medianf0st,104.93
1378,CH15,M,1,98,SPSN_medianf0st,105.45
1379,CH16,M,1,124,SPSN_medianf0st,104.8
1380,CH17,M,1,140,SPSN_medianf0st,101.84
1381,CH18,F,1,104,SPSN_medianf0st,104.18
1382,CH19,F,1,99,SPSN_medianf0st,99.73
1383,CH20,F,1,155,SPSN_medianf0st,94.54
1384,CH21,F,1,153,SPSN_medianf0st,94.72
1385,CH22,M,1,126,SPSN_medianf0st,100.79
1386,CH23,M,1,132,SPSN_medianf0st,99.28
1387,CH32,F,1,127,SPSN_medianf0st,100.62
1388,CH33,F,1,135,SPSN_medianf0st,104.12
1389,CH03,F,2,176,SPSN_medianf0st,95.43
1390,CH04,F,2,185,SPSN_medianf0st,91.31
1391,CH11,M,2,170,SPSN_medianf0st,87.96
1392,CH12,M,2,167,SPSN_medianf0st,91.3
1393,CH24,F,2,192,SPSN_medianf0st,93.84
1394,CH25,F,2,193,SPSN_medianf0st,92.35
1395,CH26,F,2,215,SPSN_medianf0st,91.58
1396,CH27,F,2,215,SPSN_medianf0st,95.35
1397,CH28,F,2,195,SPSN_medianf0st,95.71
1398,CH29,F,2,207,SPSN_medianf0st,97.03
1399,CH30,M,2,206,SPSN_medianf0st,87.21
1400,CH31,M,2,212,SPSN_medianf0st,83.66
1401,CH34,F,2,184,SPSN_medianf0st,93.25
1402,CH35,F,2,171,SPSN_medianf0st,89.35
1403,YA01,F,3,277,SPSN_medianf0st,90.3
1404,YA02,F,3,318,SPSN_medianf0st,91.7
1405,YA03,F,3,265,SPSN_medianf0st,93.24
1406,YA04,F,3,264,SPSN_medianf0st,93.42
1407,YA05,F,3,257,SPSN_medianf0st,95.31
1408,YA06,F,3,295,SPSN_medianf0st,90.17
1409,YA07,F,3,258,SPSN_medianf0st,95.45
1410,YA08,F,3,267,SPSN_medianf0st,96.35
1411,YA09,F,3,271,SPSN_medianf0st,95.27
1412,YA10,F,3,241,SPSN_medianf0st,92.38
1413,YA11,M,3,269,SPSN_medianf0st,86.11
1414,YA12,M,3,266,SPSN_medianf0st,87.69
1415,YA13,M,3,242,SPSN_medianf0st,89.04
1416,YA14,M,3,266,SPSN_medianf0st,87.75
1417,YA15,M,3,233,SPSN_medianf0st,86.91
1418,YA16,M,3,244,SPSN_medianf0st,85.88
1419,YA17,M,3,230,SPSN_medianf0st,83.46
1420,YA18,M,3,244,SPSN_medianf0st,79.75
1421,YA19,M,3,277,SPSN_medianf0st,83.85
1422,YA20,M,3,241,SPSN_medianf0st,85.45
1423,MA01,F,4,436,SPSN_medianf0st,90.65
1424,MA02,F,4,476,SPSN_medianf0st,94.39
1425,MA03,F,4,441,SPSN_medianf0st,91.96
1426,MA04,F,4,431,SPSN_medianf0st,90.53
1427,MA05,M,4,467,SPSN_medianf0st,88.12
1428,MA06,M,4,506,SPSN_medianf0st,87.89
1429,MA11,F,4,596,SPSN_medianf0st,92.37
1430,MA12,F,4,599,SPSN_medianf0st,93.34
1431,MA13,F,4,557,SPSN_medianf0st,92.27
1432,MA14,F,4,554,SPSN_medianf0st,91.08
1433,MA15,M,4,597,SPSN_medianf0st,85.48
1434,MA16,M,4,515,SPSN_medianf0st,86.73
1435,MA17,M,4,573,SPSN_medianf0st,89.18
1436,MA18,M,4,558,SPSN_medianf0st,85.46
1437,MA19,M,4,432,SPSN_medianf0st,87.27
1438,MA20,M,4,438,SPSN_medianf0st,82.24
1439,MA21,M,4,588,SPSN_medianf0st,90.39
1440,MA22,M,4,547,SPSN_medianf0st,90.47
1441,MA23,F,4,488,SPSN_medianf0st,93.59
1442,MA24,F,4,528,SPSN_medianf0st,96.78
1443,OA01,F,5,774,SPSN_medianf0st,94.97
1444,OA02,F,5,745,SPSN_medianf0st,98.81
1445,OA05,F,5,705,SPSN_medianf0st,92.29
1446,OA06,F,5,717,SPSN_medianf0st,93.11
1447,OA07,F,5,708,SPSN_medianf0st,95.99
1448,OA08,F,5,708,SPSN_medianf0st,97.61
1449,OA26,F,5,779,SPSN_medianf0st,94.47
1450,OA27,F,5,780,SPSN_medianf0st,92.86
1451,OA32,F,5,771,SPSN_medianf0st,92.32
1452,OA33,F,5,732,SPSN_medianf0st,94.88
1453,OA39,M,5,715,SPSN_medianf0st,87.56
1454,OA40,M,5,733,SPSN_medianf0st,88.09
1455,OA41,M,5,641,SPSN_medianf0st,86.88
1456,OA42,M,5,685,SPSN_medianf0st,88.86
1457,OA43,M,5,613,SPSN_medianf0st,83.82
1458,OA44,M,5,656,SPSN_medianf0st,81.87
1459,OA45,M,5,770,SPSN_medianf0st,91.6
1460,OA46,M,5,705,SPSN_medianf0st,84.73
1461,OA47,M,5,649,SPSN_medianf0st,88.23
1462,OA48,M,5,643,SPSN_medianf0st,90.62
1463,OA09,F,6,920,SPSN_medianf0st,92.46
1464,OA11,F,6,884,SPSN_medianf0st,91.81
1465,OA13,F,6,858,SPSN_medianf0st,92.67
1466,OA14,F,6,820,SPSN_medianf0st,94.95
1467,OA15,F,6,893,SPSN_medianf0st,93.8
1468,OA16,F,6,801,SPSN_medianf0st,93.33
1469,OA17,M,6,819,SPSN_medianf0st,84.71
1470,OA18,M,6,834,SPSN_medianf0st,88.92
1471,OA20,M,6,903,SPSN_medianf0st,91.33
1472,OA21,M,6,797,SPSN_medianf0st,85.48
1473,OA23,M,6,913,SPSN_medianf0st,90.9
1474,OA24,F,6,892,SPSN_medianf0st,91.78
1475,OA25,F,6,895,SPSN_medianf0st,92.66
1476,OA29,M,6,781,SPSN_medianf0st,88.03
1477,OA30,F,6,799,SPSN_medianf0st,92.63
1478,OA31,F,6,893,SPSN_medianf0st,93.77
1479,OA34,M,6,787,SPSN_medianf0st,85.86
1480,OA35,M,6,830,SPSN_medianf0st,91.49
1481,OA36,M,6,800,SPSN_medianf0st,89.53
1482,OA37,M,6,949,SPSN_medianf0st,90.32
1483,CH01,F,1,115,NORM_medianf0st,98.14
1484,CH02,F,1,114,NORM_medianf0st,100.53
1485,CH05,M,1,135,NORM_medianf0st,99.25
1486,CH06,M,1,136,NORM_medianf0st,93.71
1487,CH07,F,1,97,NORM_medianf0st,102.32
1488,CH08,F,1,100,NORM_medianf0st,101.71
1489,CH09,M,1,145,NORM_medianf0st,94.26
1490,CH10,M,1,144,NORM_medianf0st,94.13
1491,CH13,M,1,98,NORM_medianf0st,97.55
1492,CH15,M,1,98,NORM_medianf0st,100.5
1493,CH16,M,1,124,NORM_medianf0st,98.69
1494,CH17,M,1,140,NORM_medianf0st,97.34
1495,CH18,F,1,104,NORM_medianf0st,98.35
1496,CH19,F,1,99,NORM_medianf0st,97.41
1497,CH20,F,1,155,NORM_medianf0st,92.62
1498,CH21,F,1,153,NORM_medianf0st,93.21
1499,CH22,M,1,126,NORM_medianf0st,95.07
1500,CH23,M,1,132,NORM_medianf0st,95.79
1501,CH32,F,1,127,NORM_medianf0st,96.43
1502,CH33,F,1,135,NORM_medianf0st,100.68
1503,CH03,F,2,176,NORM_medianf0st,93.77
1504,CH04,F,2,185,NORM_medianf0st,90.11
1505,CH11,M,2,170,NORM_medianf0st,85.31
1506,CH12,M,2,167,NORM_medianf0st,88.6
1507,CH24,F,2,192,NORM_medianf0st,91.08
1508,CH25,F,2,193,NORM_medianf0st,91.48
1509,CH26,F,2,215,NORM_medianf0st,89.41
1510,CH27,F,2,215,NORM_medianf0st,94.16
1511,CH28,F,2,195,NORM_medianf0st,94.7
1512,CH29,F,2,207,NORM_medianf0st,94.28
1513,CH30,M,2,206,NORM_medianf0st,82.52
1514,CH31,M,2,212,NORM_medianf0st,80.04
1515,CH34,F,2,184,NORM_medianf0st,90.42
1516,CH35,F,2,171,NORM_medianf0st,87.65
1517,YA01,F,3,277,NORM_medianf0st,88.39
1518,YA02,F,3,318,NORM_medianf0st,88.36
1519,YA03,F,3,265,NORM_medianf0st,87.7
1520,YA04,F,3,264,NORM_medianf0st,90.78
1521,YA05,F,3,257,NORM_medianf0st,93.29
1522,YA06,F,3,295,NORM_medianf0st,88.25
1523,YA07,F,3,258,NORM_medianf0st,91.57
1524,YA08,F,3,267,NORM_medianf0st,93.58
1525,YA09,F,3,271,NORM_medianf0st,91.84
1526,YA10,F,3,241,NORM_medianf0st,91.02
1527,YA11,M,3,269,NORM_medianf0st,82.27
1528,YA12,M,3,266,NORM_medianf0st,82.54
1529,YA13,M,3,242,NORM_medianf0st,84.37
1530,YA14,M,3,266,NORM_medianf0st,84.75
1531,YA15,M,3,233,NORM_medianf0st,80.1
1532,YA16,M,3,244,NORM_medianf0st,81.39
1533,YA17,M,3,230,NORM_medianf0st,80.44
1534,YA18,M,3,244,NORM_medianf0st,77.4
1535,YA19,M,3,277,NORM_medianf0st,79.48
1536,YA20,M,3,241,NORM_medianf0st,80.1
1537,MA01,F,4,436,NORM_medianf0st,87.88
1538,MA02,F,4,476,NORM_medianf0st,90.24
1539,MA03,F,4,441,NORM_medianf0st,90.29
1540,MA04,F,4,431,NORM_medianf0st,87.16
1541,MA05,M,4,467,NORM_medianf0st,83.88
1542,MA06,M,4,506,NORM_medianf0st,82.03
1543,MA11,F,4,596,NORM_medianf0st,89.14
1544,MA12,F,4,599,NORM_medianf0st,91.25
1545,MA13,F,4,557,NORM_medianf0st,90.36
1546,MA14,F,4,554,NORM_medianf0st,89.31
1547,MA15,M,4,597,NORM_medianf0st,80.74
1548,MA16,M,4,515,NORM_medianf0st,82.51
1549,MA17,M,4,573,NORM_medianf0st,82.53
1550,MA18,M,4,558,NORM_medianf0st,82.36
1551,MA19,M,4,432,NORM_medianf0st,81.64
1552,MA20,M,4,438,NORM_medianf0st,78.97
1553,MA21,M,4,588,NORM_medianf0st,85.21
1554,MA22,M,4,547,NORM_medianf0st,85.52
1555,MA23,F,4,488,NORM_medianf0st,90.66
1556,MA24,F,4,528,NORM_medianf0st,91.18
1557,OA01,F,5,774,NORM_medianf0st,89.6
1558,OA02,F,5,745,NORM_medianf0st,93.72
1559,OA05,F,5,705,NORM_medianf0st,89.84
1560,OA06,F,5,717,NORM_medianf0st,88.46
1561,OA07,F,5,708,NORM_medianf0st,93.07
1562,OA08,F,5,708,NORM_medianf0st,93.87
1563,OA26,F,5,779,NORM_medianf0st,88.72
1564,OA27,F,5,780,NORM_medianf0st,91.46
1565,OA32,F,5,771,NORM_medianf0st,88.96
1566,OA33,F,5,732,NORM_medianf0st,92.41
1567,OA39,M,5,715,NORM_medianf0st,82.91
1568,OA40,M,5,733,NORM_medianf0st,85.16
1569,OA41,M,5,641,NORM_medianf0st,80.69
1570,OA42,M,5,685,NORM_medianf0st,83.11
1571,OA43,M,5,613,NORM_medianf0st,82.47
1572,OA44,M,5,656,NORM_medianf0st,81.09
1573,OA45,M,5,770,NORM_medianf0st,84.97
1574,OA46,M,5,705,NORM_medianf0st,80.21
1575,OA47,M,5,649,NORM_medianf0st,84.25
1576,OA48,M,5,643,NORM_medianf0st,85.65
1577,OA09,F,6,920,NORM_medianf0st,88.77
1578,OA11,F,6,884,NORM_medianf0st,86.79
1579,OA13,F,6,858,NORM_medianf0st,89.18
1580,OA14,F,6,820,NORM_medianf0st,90.63
1581,OA15,F,6,893,NORM_medianf0st,91.15
1582,OA16,F,6,801,NORM_medianf0st,89.72
1583,OA17,M,6,819,NORM_medianf0st,80.96
1584,OA18,M,6,834,NORM_medianf0st,85.13
1585,OA20,M,6,903,NORM_medianf0st,87.02
1586,OA21,M,6,797,NORM_medianf0st,80.5
1587,OA23,M,6,913,NORM_medianf0st,87.61
1588,OA24,F,6,892,NORM_medianf0st,88.55
1589,OA25,F,6,895,NORM_medianf0st,91.06
1590,OA29,M,6,781,NORM_medianf0st,84.17
1591,OA30,F,6,799,NORM_medianf0st,91.48
1592,OA31,F,6,893,NORM_medianf0st,90.2
1593,OA34,M,6,787,NORM_medianf0st,82.7
1594,OA35,M,6,830,NORM_medianf0st,89.97
1595,OA36,M,6,800,NORM_medianf0st,85.46
1596,OA37,M,6,949,NORM_medianf0st,87.87
1597,CH01,F,1,115,IMRE_diff,6.15
1598,CH02,F,1,114,IMRE_diff,3.87
1599,CH05,M,1,135,IMRE_diff,3.59
1600,CH06,M,1,136,IMRE_diff,6.12
1601,CH07,F,1,97,IMRE_diff,2.19
1602,CH08,F,1,100,IMRE_diff,4.43
1603,CH09,M,1,145,IMRE_diff,2.62
1604,CH10,M,1,144,IMRE_diff,2.31
1605,CH13,M,1,98,IMRE_diff,3.95
1606,CH15,M,1,98,IMRE_diff,3.03
1607,CH16,M,1,124,IMRE_diff,4.44
1608,CH17,M,1,140,IMRE_diff,3.84
1609,CH18,F,1,104,IMRE_diff,3.2
1610,CH19,F,1,99,IMRE_diff,2.03
1611,CH20,F,1,155,IMRE_diff,1.49
1612,CH21,F,1,153,IMRE_diff,1.44
1613,CH22,M,1,126,IMRE_diff,5.87
1614,CH23,M,1,132,IMRE_diff,1.87
1615,CH32,F,1,127,IMRE_diff,2.54
1616,CH33,F,1,135,IMRE_diff,1.76
1617,CH03,F,2,176,IMRE_diff,0.91
1618,CH04,F,2,185,IMRE_diff,1.22
1619,CH11,M,2,170,IMRE_diff,3.29
1620,CH12,M,2,167,IMRE_diff,1.78
1621,CH24,F,2,192,IMRE_diff,1.69
1622,CH25,F,2,193,IMRE_diff,0.63
1623,CH26,F,2,215,IMRE_diff,2.2
1624,CH27,F,2,215,IMRE_diff,0.43
1625,CH28,F,2,195,IMRE_diff,1.47
1626,CH29,F,2,207,IMRE_diff,1.88
1627,CH30,M,2,206,IMRE_diff,4.25
1628,CH31,M,2,212,IMRE_diff,3.77
1629,CH34,F,2,184,IMRE_diff,1.74
1630,CH35,F,2,171,IMRE_diff,1.56
1631,YA01,F,3,277,IMRE_diff,1.85
1632,YA02,F,3,318,IMRE_diff,2.94
1633,YA03,F,3,265,IMRE_diff,4.5
1634,YA04,F,3,264,IMRE_diff,2.77
1635,YA05,F,3,257,IMRE_diff,1.61
1636,YA06,F,3,295,IMRE_diff,1.4
1637,YA07,F,3,258,IMRE_diff,3.21
1638,YA08,F,3,267,IMRE_diff,2.07
1639,YA09,F,3,271,IMRE_diff,2.21
1640,YA10,F,3,241,IMRE_diff,1.21
1641,YA11,M,3,269,IMRE_diff,4.06
1642,YA12,M,3,266,IMRE_diff,3.68
1643,YA13,M,3,242,IMRE_diff,3.93
1644,YA14,M,3,266,IMRE_diff,2.84
1645,YA15,M,3,233,IMRE_diff,7.38
1646,YA16,M,3,244,IMRE_diff,3.93
1647,YA17,M,3,230,IMRE_diff,1.67
1648,YA18,M,3,244,IMRE_diff,1.4
1649,YA19,M,3,277,IMRE_diff,2.94
1650,YA20,M,3,241,IMRE_diff,3.05
1651,MA01,F,4,436,IMRE_diff,1.84
1652,MA02,F,4,476,IMRE_diff,1.85
1653,MA03,F,4,441,IMRE_diff,1.74
1654,MA04,F,4,431,IMRE_diff,2.15
1655,MA05,M,4,467,IMRE_diff,2.01
1656,MA06,M,4,506,IMRE_diff,3.36
1657,MA11,F,4,596,IMRE_diff,2.63
1658,MA12,F,4,599,IMRE_diff,1.62
1659,MA13,F,4,557,IMRE_diff,2.02
1660,MA14,F,4,554,IMRE_diff,2.08
1661,MA15,M,4,597,IMRE_diff,4.97
1662,MA16,M,4,515,IMRE_diff,2.74
1663,MA17,M,4,573,IMRE_diff,4.89
1664,MA18,M,4,558,IMRE_diff,1.86
1665,MA19,M,4,432,IMRE_diff,4.18
1666,MA20,M,4,438,IMRE_diff,2.21
1667,MA21,M,4,588,IMRE_diff,3.98
1668,MA22,M,4,547,IMRE_diff,4.3
1669,MA23,F,4,488,IMRE_diff,2.54
1670,MA24,F,4,528,IMRE_diff,2.92
1671,OA01,F,5,774,IMRE_diff,5.67
1672,OA02,F,5,745,IMRE_diff,5.68
1673,OA05,F,5,705,IMRE_diff,2.12
1674,OA06,F,5,717,IMRE_diff,2.54
1675,OA07,F,5,708,IMRE_diff,2.06
1676,OA08,F,5,708,IMRE_diff,2.07
1677,OA26,F,5,779,IMRE_diff,4.6
1678,OA27,F,5,780,IMRE_diff,1.62
1679,OA32,F,5,771,IMRE_diff,3.25
1680,OA33,F,5,732,IMRE_diff,2.36
1681,OA39,M,5,715,IMRE_diff,4.26
1682,OA40,M,5,733,IMRE_diff,3.67
1683,OA41,M,5,641,IMRE_diff,6.15
1684,OA42,M,5,685,IMRE_diff,3.77
1685,OA43,M,5,613,IMRE_diff,2.02
1686,OA44,M,5,656,IMRE_diff,0.89
1687,OA45,M,5,770,IMRE_diff,5.1
1688,OA46,M,5,705,IMRE_diff,4.01
1689,OA47,M,5,649,IMRE_diff,3.98
1690,OA48,M,5,643,IMRE_diff,3.2
1691,OA09,F,6,920,IMRE_diff,3.47
1692,OA11,F,6,884,IMRE_diff,4.41
1693,OA13,F,6,858,IMRE_diff,2.93
1694,OA14,F,6,820,IMRE_diff,3.01
1695,OA15,F,6,893,IMRE_diff,1.55
1696,OA16,F,6,801,IMRE_diff,2.63
1697,OA17,M,6,819,IMRE_diff,3.97
1698,OA18,M,6,834,IMRE_diff,3.01
1699,OA20,M,6,903,IMRE_diff,3.5
1700,OA21,M,6,797,IMRE_diff,4.5
1701,OA23,M,6,913,IMRE_diff,3.34
1702,OA24,F,6,892,IMRE_diff,3.2
1703,OA25,F,6,895,IMRE_diff,1.29
1704,OA29,M,6,781,IMRE_diff,3.78
1705,OA30,F,6,799,IMRE_diff,1.17
1706,OA31,F,6,893,IMRE_diff,3.37
1707,OA34,M,6,787,IMRE_diff,2.21
1708,OA35,M,6,830,IMRE_diff,1.27
1709,OA36,M,6,800,IMRE_diff,3.92
1710,OA37,M,6,949,IMRE_diff,2.31
1711,CH01,F,1,115,SPSN_diff,4.82
1712,CH02,F,1,114,SPSN_diff,6.65
1713,CH05,M,1,135,SPSN_diff,4.21
1714,CH06,M,1,136,SPSN_diff,4.86
1715,CH07,F,1,97,SPSN_diff,4.45
1716,CH08,F,1,100,SPSN_diff,5.76
1717,CH09,M,1,145,SPSN_diff,3.22
1718,CH10,M,1,144,SPSN_diff,3.36
1719,CH13,M,1,98,SPSN_diff,7.38
1720,CH15,M,1,98,SPSN_diff,4.95
1721,CH16,M,1,124,SPSN_diff,6.11
1722,CH17,M,1,140,SPSN_diff,4.5
1723,CH18,F,1,104,SPSN_diff,5.83
1724,CH19,F,1,99,SPSN_diff,2.32
1725,CH20,F,1,155,SPSN_diff,1.92
1726,CH21,F,1,153,SPSN_diff,1.51
1727,CH22,M,1,126,SPSN_diff,5.72
1728,CH23,M,1,132,SPSN_diff,3.49
1729,CH32,F,1,127,SPSN_diff,4.19
1730,CH33,F,1,135,SPSN_diff,3.44
1731,CH03,F,2,176,SPSN_diff,1.66
1732,CH04,F,2,185,SPSN_diff,1.2
1733,CH11,M,2,170,SPSN_diff,2.65
1734,CH12,M,2,167,SPSN_diff,2.7
1735,CH24,F,2,192,SPSN_diff,2.76
1736,CH25,F,2,193,SPSN_diff,0.87
1737,CH26,F,2,215,SPSN_diff,2.17
1738,CH27,F,2,215,SPSN_diff,1.19
1739,CH28,F,2,195,SPSN_diff,1.01
1740,CH29,F,2,207,SPSN_diff,2.75
1741,CH30,M,2,206,SPSN_diff,4.69
1742,CH31,M,2,212,SPSN_diff,3.62
1743,CH34,F,2,184,SPSN_diff,2.83
1744,CH35,F,2,171,SPSN_diff,1.7
1745,YA01,F,3,277,SPSN_diff,1.91
1746,YA02,F,3,318,SPSN_diff,3.34
1747,YA03,F,3,265,SPSN_diff,5.54
1748,YA04,F,3,264,SPSN_diff,2.64
1749,YA05,F,3,257,SPSN_diff,2.02
1750,YA06,F,3,295,SPSN_diff,1.92
1751,YA07,F,3,258,SPSN_diff,3.88
1752,YA08,F,3,267,SPSN_diff,2.77
1753,YA09,F,3,271,SPSN_diff,3.43
1754,YA10,F,3,241,SPSN_diff,1.36
1755,YA11,M,3,269,SPSN_diff,3.84
1756,YA12,M,3,266,SPSN_diff,5.15
1757,YA13,M,3,242,SPSN_diff,4.67
1758,YA14,M,3,266,SPSN_diff,3
1759,YA15,M,3,233,SPSN_diff,6.81
1760,YA16,M,3,244,SPSN_diff,4.49
1761,YA17,M,3,230,SPSN_diff,3.02
1762,YA18,M,3,244,SPSN_diff,2.35
1763,YA19,M,3,277,SPSN_diff,4.37
1764,YA20,M,3,241,SPSN_diff,5.35
1765,MA01,F,4,436,SPSN_diff,2.77
1766,MA02,F,4,476,SPSN_diff,4.15
1767,MA03,F,4,441,SPSN_diff,1.67
1768,MA04,F,4,431,SPSN_diff,3.37
1769,MA05,M,4,467,SPSN_diff,4.24
1770,MA06,M,4,506,SPSN_diff,5.86
1771,MA11,F,4,596,SPSN_diff,3.23
1772,MA12,F,4,599,SPSN_diff,2.09
1773,MA13,F,4,557,SPSN_diff,1.91
1774,MA14,F,4,554,SPSN_diff,1.77
1775,MA15,M,4,597,SPSN_diff,4.74
1776,MA16,M,4,515,SPSN_diff,4.22
1777,MA17,M,4,573,SPSN_diff,6.65
1778,MA18,M,4,558,SPSN_diff,3.1
1779,MA19,M,4,432,SPSN_diff,5.63
1780,MA20,M,4,438,SPSN_diff,3.27
1781,MA21,M,4,588,SPSN_diff,5.18
1782,MA22,M,4,547,SPSN_diff,4.95
1783,MA23,F,4,488,SPSN_diff,2.93
1784,MA24,F,4,528,SPSN_diff,5.6
1785,OA01,F,5,774,SPSN_diff,5.37
1786,OA02,F,5,745,SPSN_diff,5.09
1787,OA05,F,5,705,SPSN_diff,2.45
1788,OA06,F,5,717,SPSN_diff,4.65
1789,OA07,F,5,708,SPSN_diff,2.92
1790,OA08,F,5,708,SPSN_diff,3.74
1791,OA26,F,5,779,SPSN_diff,5.75
1792,OA27,F,5,780,SPSN_diff,1.4
1793,OA32,F,5,771,SPSN_diff,3.36
1794,OA33,F,5,732,SPSN_diff,2.47
1795,OA39,M,5,715,SPSN_diff,4.65
1796,OA40,M,5,733,SPSN_diff,2.93
1797,OA41,M,5,641,SPSN_diff,6.19
1798,OA42,M,5,685,SPSN_diff,5.75
1799,OA43,M,5,613,SPSN_diff,1.35
1800,OA44,M,5,656,SPSN_diff,0.78
1801,OA45,M,5,770,SPSN_diff,6.63
1802,OA46,M,5,705,SPSN_diff,4.52
1803,OA47,M,5,649,SPSN_diff,3.98
1804,OA48,M,5,643,SPSN_diff,4.97
1805,OA09,F,6,920,SPSN_diff,3.69
1806,OA11,F,6,884,SPSN_diff,5.02
1807,OA13,F,6,858,SPSN_diff,3.49
1808,OA14,F,6,820,SPSN_diff,4.32
1809,OA15,F,6,893,SPSN_diff,2.65
1810,OA16,F,6,801,SPSN_diff,3.61
1811,OA17,M,6,819,SPSN_diff,3.75
1812,OA18,M,6,834,SPSN_diff,3.79
1813,OA20,M,6,903,SPSN_diff,4.31
1814,OA21,M,6,797,SPSN_diff,4.98
1815,OA23,M,6,913,SPSN_diff,3.29
1816,OA24,F,6,892,SPSN_diff,3.23
1817,OA25,F,6,895,SPSN_diff,1.6
1818,OA29,M,6,781,SPSN_diff,3.86
1819,OA30,F,6,799,SPSN_diff,1.15
1820,OA31,F,6,893,SPSN_diff,3.57
1821,OA34,M,6,787,SPSN_diff,3.16
1822,OA35,M,6,830,SPSN_diff,1.52
1823,OA36,M,6,800,SPSN_diff,4.07
1824,OA37,M,6,949,SPSN_diff,2.45
